[
  {
    "username": "pmoore0",
    "favouriteMovies": [
      "386265529-6",
      "435551301-7",
      "507448705-6",
      "913952331-4",
      "960172299-8",
      "089249398-4"
    ]
  },
  {
    "username": "tmurphy1",
    "favouriteMovies": [
      "653288544-4",
      "203452973-1",
      "830211566-5",
      "660097222-X",
      "857570246-7",
      "103248182-X",
      "916368123-4"
    ]
  },
  {
    "username": "gmartin2",
    "favouriteMovies": [
      "366340039-5",
      "643772842-6",
      "901611270-7"
    ]
  },
  {
    "username": "cholmes3",
    "favouriteMovies": [
      "950857029-6",
      "545610533-0",
      "386265529-6",
      "994207961-0",
      "346057577-8",
      "508675473-9",
      "683752612-X"
    ]
  },
  {
    "username": "tgrant4",
    "favouriteMovies": [
      "653288544-4",
      "230685292-8",
      "723898864-X",
      "660097222-X",
      "599359762-3",
      "853859411-7",
      "594754738-4",
      "790319651-0"
    ]
  },
  {
    "username": "lcarroll5",
    "favouriteMovies": [
      "845008613-2",
      "168752022-4",
      "496048692-9",
      "683752612-X",
      "836139636-5",
      "711447659-0",
      "588556893-6"
    ]
  },
  {
    "username": "dmurray6",
    "favouriteMovies": [
      "004105549-7",
      "973489955-4",
      "901611270-7",
      "062311272-8",
      "836139636-5"
    ]
  },
  {
    "username": "cbryant7",
    "favouriteMovies": [
      "004105549-7",
      "918671907-6",
      "535892759-X",
      "292760458-4",
      "942501513-9",
      "588556893-6"
    ]
  },
  {
    "username": "dwashington8",
    "favouriteMovies": [
      "178300857-1",
      "973489955-4",
      "234730923-4",
      "058162706-7",
      "351315357-0"
    ]
  },
  {
    "username": "dhansen9",
    "favouriteMovies": [
      "950857029-6",
      "507448705-6",
      "092627057-5",
      "372836173-9",
      "027037362-4",
      "726379192-7"
    ]
  },
  {
    "username": "jhowarda",
    "favouriteMovies": [
      "653288544-4",
      "230685292-8",
      "092627057-5",
      "836139636-5"
    ]
  },
  {
    "username": "tbennettb",
    "favouriteMovies": [
      "308270318-6",
      "653288544-4",
      "713687560-9",
      "546217593-0",
      "853859411-7"
    ]
  },
  {
    "username": "rwashingtonc",
    "favouriteMovies": [
      "453527261-1",
      "163718543-X",
      "064553220-7",
      "994207961-0",
      "519680973-2",
      "836139636-5"
    ]
  },
  {
    "username": "sfloresd",
    "favouriteMovies": [
      "448367915-5",
      "386265529-6",
      "102180708-7",
      "841961291-X",
      "380895718-2",
      "020774966-3"
    ]
  },
  {
    "username": "dmontgomerye",
    "favouriteMovies": [
      "916368123-4",
      "018933187-9",
      "261796245-8"
    ]
  },
  {
    "username": "malexanderf",
    "favouriteMovies": [
      "308270318-6",
      "186189393-0",
      "960172299-8",
      "103248182-X",
      "790319651-0",
      "446985987-7"
    ]
  },
  {
    "username": "dchapmang",
    "favouriteMovies": [
      "546217593-0",
      "089249398-4",
      "683752612-X",
      "158155123-1"
    ]
  },
  {
    "username": "mgeorgeh",
    "favouriteMovies": [
      "168752022-4",
      "282990643-8",
      "660097222-X",
      "245126901-4",
      "342622516-6",
      "726379192-7",
      "446985987-7",
      "018933187-9"
    ]
  },
  {
    "username": "rthompsoni",
    "favouriteMovies": [
      "308270318-6",
      "221360545-9",
      "830211566-5",
      "380895718-2"
    ]
  },
  {
    "username": "prodriguezj",
    "favouriteMovies": [
      "857069003-7",
      "643772842-6",
      "841961291-X",
      "945308954-0",
      "599359762-3",
      "695841701-1"
    ]
  },
  {
    "username": "kscottk",
    "favouriteMovies": [
      "916936848-1",
      "519680973-2",
      "508675473-9",
      "695841701-1"
    ]
  },
  {
    "username": "aandersonl",
    "favouriteMovies": [
      "178300857-1",
      "341876828-8",
      "292760458-4",
      "626274457-6",
      "973489955-4",
      "385432160-0",
      "146826306-4",
      "370216731-5",
      "822455813-4",
      "588556893-6"
    ]
  },
  {
    "username": "mcarpenterm",
    "favouriteMovies": [
      "991270425-8",
      "996922754-8",
      "111773133-2",
      "682093079-8"
    ]
  },
  {
    "username": "shendersonn",
    "favouriteMovies": [
      "102180708-7",
      "626274457-6",
      "901611270-7",
      "683752612-X",
      "351315357-0",
      "816647965-6",
      "822455813-4"
    ]
  },
  {
    "username": "pblacko",
    "favouriteMovies": [
      "830211566-5",
      "145920032-2",
      "818098605-5",
      "723898864-X",
      "643772842-6",
      "020774966-3"
    ]
  },
  {
    "username": "jhughesp",
    "favouriteMovies": [
      "819588069-X",
      "913952331-4",
      "245126901-4",
      "230508695-4",
      "446985987-7"
    ]
  },
  {
    "username": "drodriguezq",
    "favouriteMovies": [
      "545610533-0",
      "917311738-2",
      "602410197-X",
      "211868397-9",
      "853859411-7"
    ]
  },
  {
    "username": "dperezr",
    "favouriteMovies": [
      "342622516-6",
      "370216731-5"
    ]
  },
  {
    "username": "kgrahams",
    "favouriteMovies": [
      "203452973-1",
      "753355152-4",
      "366340039-5",
      "816647965-6"
    ]
  },
  {
    "username": "dburket",
    "favouriteMovies": [
      "159485877-2",
      "660097222-X",
      "366340039-5",
      "960172299-8",
      "103248182-X"
    ]
  },
  {
    "username": "mbradleyu",
    "favouriteMovies": [
      "178300857-1",
      "760780861-2",
      "163718543-X",
      "826949258-2",
      "602410197-X",
      "211868397-9",
      "790319651-0"
    ]
  },
  {
    "username": "djenkinsv",
    "favouriteMovies": [
      "453527261-1",
      "685416258-0",
      "092627057-5"
    ]
  },
  {
    "username": "pmorenow",
    "favouriteMovies": [
      "178300857-1",
      "145920032-2",
      "398377709-0",
      "819588069-X",
      "366340039-5",
      "841961291-X",
      "602410197-X",
      "211868397-9",
      "792301802-2"
    ]
  },
  {
    "username": "lelliottx",
    "favouriteMovies": [
      "685416258-0",
      "857069003-7",
      "111773133-2",
      "836139636-5"
    ]
  },
  {
    "username": "jmeyery",
    "favouriteMovies": [
      "621062208-9",
      "342622516-6",
      "630078017-1",
      "351315357-0",
      "965999761-2",
      "191956416-0"
    ]
  },
  {
    "username": "whernandezz",
    "favouriteMovies": [
      "064553220-7",
      "292760458-4",
      "346057577-8"
    ]
  },
  {
    "username": "rgarcia10",
    "favouriteMovies": [
      "453527261-1",
      "826949258-2",
      "857069003-7",
      "688435337-6",
      "677965579-1",
      "942501513-9",
      "792301802-2",
      "594754738-4"
    ]
  },
  {
    "username": "dwest11",
    "favouriteMovies": [
      "918671907-6",
      "818098605-5",
      "621062208-9",
      "695841701-1",
      "351315357-0",
      "594754738-4",
      "158155123-1"
    ]
  },
  {
    "username": "cgonzales12",
    "favouriteMovies": [
      "519680973-2",
      "144332332-2",
      "372836173-9",
      "816647965-6"
    ]
  },
  {
    "username": "bmendoza13",
    "favouriteMovies": [
      "996263555-1",
      "058162706-7",
      "320877923-2",
      "853859411-7",
      "722399277-8",
      "979677302-3"
    ]
  },
  {
    "username": "awilson14",
    "favouriteMovies": [
      "178300857-1",
      "515607912-1",
      "960172299-8"
    ]
  },
  {
    "username": "jtucker15",
    "favouriteMovies": [
      "857069003-7",
      "111773133-2",
      "816647965-6"
    ]
  },
  {
    "username": "hmurray16",
    "favouriteMovies": [
      "760780861-2",
      "942501513-9",
      "901611270-7",
      "708882807-3"
    ]
  },
  {
    "username": "amorgan17",
    "favouriteMovies": [
      "518306831-3",
      "760780861-2",
      "368085837-X",
      "595886096-8",
      "599359762-3",
      "211868397-9"
    ]
  },
  {
    "username": "anichols18",
    "favouriteMovies": [
      "308270318-6",
      "685416258-0",
      "062311272-8"
    ]
  },
  {
    "username": "mreyes19",
    "favouriteMovies": [
      "654056951-3"
    ]
  },
  {
    "username": "cnichols1a",
    "favouriteMovies": [
      "688435337-6",
      "960172299-8",
      "708882807-3",
      "597031520-6",
      "979677302-3"
    ]
  },
  {
    "username": "pclark1b",
    "favouriteMovies": [
      "918671907-6",
      "245126901-4"
    ]
  },
  {
    "username": "adavis1c",
    "favouriteMovies": [
      "759134374-2",
      "621062208-9",
      "901611270-7",
      "385432160-0",
      "722399277-8"
    ]
  },
  {
    "username": "emartinez1d",
    "favouriteMovies": [
      "168752022-4",
      "995248859-9",
      "826949258-2",
      "292760458-4",
      "158155123-1"
    ]
  },
  {
    "username": "crussell1e",
    "favouriteMovies": [
      "713687560-9",
      "296505214-3",
      "833984687-6",
      "064553220-7",
      "435551301-7",
      "519680973-2",
      "942501513-9",
      "354380262-3",
      "027037362-4",
      "550153483-5",
      "853859411-7",
      "370216731-5"
    ]
  },
  {
    "username": "along1f",
    "favouriteMovies": [
      "913952331-4",
      "787954316-3",
      "588556893-6"
    ]
  },
  {
    "username": "efields1g",
    "favouriteMovies": [
      "845008613-2",
      "435551301-7",
      "677965579-1",
      "853859411-7"
    ]
  },
  {
    "username": "vnguyen1h",
    "favouriteMovies": [
      "685416258-0",
      "496048692-9",
      "621062208-9",
      "243082196-6",
      "345104606-7",
      "093951503-2",
      "380895718-2",
      "412364318-3"
    ]
  },
  {
    "username": "bedwards1i",
    "favouriteMovies": [
      "950857029-6",
      "346057577-8",
      "144332332-2",
      "857570246-7"
    ]
  },
  {
    "username": "jgibson1j",
    "favouriteMovies": [
      "653288544-4",
      "996263555-1",
      "470549077-0",
      "606898329-3"
    ]
  },
  {
    "username": "rgibson1k",
    "favouriteMovies": [
      "818098605-5",
      "507448705-6",
      "594754738-4",
      "916368123-4"
    ]
  },
  {
    "username": "mparker1l",
    "favouriteMovies": [
      "168752022-4",
      "994207961-0",
      "351315357-0",
      "446985987-7"
    ]
  },
  {
    "username": "amason1m",
    "favouriteMovies": [
      "973489955-4",
      "901611270-7",
      "913952331-4",
      "917311738-2",
      "230508695-4",
      "836139636-5"
    ]
  },
  {
    "username": "bhamilton1n",
    "favouriteMovies": [
      "221360545-9",
      "996922754-8",
      "435551301-7",
      "660097222-X",
      "515607912-1",
      "261796245-8"
    ]
  },
  {
    "username": "sscott1o",
    "favouriteMovies": [
      "160229250-7",
      "550153483-5"
    ]
  },
  {
    "username": "bjohnson1p",
    "favouriteMovies": [
      "011820430-0",
      "753355152-4",
      "643772842-6",
      "602410197-X",
      "446985987-7"
    ]
  },
  {
    "username": "emurray1q",
    "favouriteMovies": [
      "595886096-8",
      "296505214-3",
      "243082196-6",
      "062311272-8",
      "711447659-0"
    ]
  },
  {
    "username": "mmoore1r",
    "favouriteMovies": [
      "308270318-6",
      "354380262-3",
      "058162706-7"
    ]
  },
  {
    "username": "ksims1s",
    "favouriteMovies": [
      "995248859-9",
      "435551301-7",
      "688435337-6",
      "660097222-X",
      "515607912-1",
      "816647965-6"
    ]
  },
  {
    "username": "mking1t",
    "favouriteMovies": [
      "296505214-3",
      "950857029-6",
      "535892759-X",
      "753355152-4",
      "341876828-8",
      "790319651-0"
    ]
  },
  {
    "username": "rcarr1u",
    "favouriteMovies": [
      "221360545-9",
      "685416258-0",
      "159485877-2",
      "011820430-0",
      "341876828-8",
      "234730923-4"
    ]
  }
]